media_id,filename,alt_text
4177,Innorack_Setup_Blowers-scaled.jpg,Innorack Setup Blowers
4141,homepage-hero-vivarium-room-e1782271851818.webp,Innovive Homepage Hero Vivarium Room
4138,homepage-hero-vivarium-room-scaled.jpg,Innovive Homepage Hero Vivarium Room
4016,mouse-cage-full.jpg,Innovive Mouse Cage Full
3962,global-impact-network-globe.png,Global Impact Network Globe
3914,Innorack-IVC-Rat-2.png,Innorack IVC Rat
3904,water-solution-mouse-xl.png,Innovive Water Solution Mouse XL
3903,Feeder-mouse-xl.png,Innovive Feeder Mouse XL
3902,Lid-mouse-xl.png,Innovive Lid Mouse XL
3901,Cage-bottom-mouse-xl.png,Innovive Cage Bottom Mouse XL
3735,Irradiated.png,Irradiated
3734,Double-bagged.png,Double Bagged
3681,Bedding-and-Enrichment-small.png,Innovive Bedding And Enrichment
3680,Water-small.png,Innovive Water
3679,Disposable-Caging-small.png,Innovive Disposable Caging
3678,IVC-Racks-small.jpg,Innovive IVC Racks
3676,how-it-works.png,How It Works
3670,global-map.png,Global Map
3648,M-BTM.png,M BTM
3647,R-BTM-H.png,R BTM H
3646,R-BTM-XL.png,R BTM XL
3555,Closed-Loop-Recycling-and-Zero-Landfill-Impact.png,Closed Loop Recycling And Zero Landfill Impact
3554,Eco-Friendly-Packaging-and-Delivery.png,Eco Friendly Packaging And Delivery
3553,Container-1.png,Container
3501,M-BTM-XL-Mouse-XL-cage-bottom.png,Innovive M BTM XL Mouse XL Cage Bottom
3498,NKI_storage-disposables-1.png,NKI Storage Disposables
3483,The-Innovive-Mouse-Ladder-M-CLIMB.png,The Innovive Mouse Ladder M CLIMB
3482,Innocage®️-Mouse-Metabolic-Cage-Assembly.png,Innocage Mouse Metabolic Cage Assembly
3481,Innorack-3.5-Controller-Dimming-Sleep-Feature.png,Innorack 3.5 Controller Dimming Sleep Feature
3480,Innorack-v3.0-Supply-HEPA-Filter-Replacement-Procedure.png,Innorack v3.0 Supply HEPA Filter Replacement Procedure
3479,Innorack-v3.0-Supply-Blower-Pre-Filter-Replacement-Procedure.png,Innorack v3.0 Supply Blower Pre Filter Replacement Procedure
3478,Docking-Undocking-the-Innorack-v3.0-Blowers.png,Docking Undocking The Innorack v3.0 Blowers
3477,Innorack-v3.5-Supply-Blower-Pre-Filter-Replacement-Procedure.png,Innorack v3.5 Supply Blower Pre Filter Replacement Procedure
3476,Innorack-Controller-Blower-Calibration-Procedure.png,Innorack Controller Blower Calibration Procedure
3475,Innorack-Controller-Configuration-Settings.png,Innorack Controller Configuration Settings
3474,Innorack-Controller-Airflow-Adjustments.png,Innorack Controller Airflow Adjustments
3469,Docking-Undocking-the-Innorack-v3.5-Blowers.png,Docking Undocking The Innorack v3.5 Blowers
3468,Innorack-Controller-Locking-Unlocking-the-Screen.png,Innorack Controller Locking Unlocking The Screen
3467,Innocage-Autowatering-Grommet-Insertion.png,Innocage Autowatering Grommet Insertion
3466,Placing-Removing-the-Cage-Card-Holder.png,Innovive Placing Removing The Cage Card Holder
3465,Docking-Undocking-the-Cage.png,Innovive Docking Undocking The Cage
3464,Rat-Bottom-Only-Changeout-Procedure.png,Innovive Rat Bottom Only Changeout Procedure
3459,Mouse-Bottom-Only-Changeout-Procedure-1.png,Innovive Mouse Bottom Only Changeout Procedure
3458,Mouse-Bottom-Only-Changeout-Procedure.png,Innovive Mouse Bottom Only Changeout Procedure
3457,Disposable-Cages-Pre-Filled-Water-Bottle-Preparation-1.png,Innovive Disposable Cages Pre Filled Water Bottle Preparation
3456,Disposable-Cages-Pre-Filled-Water-Bottle-Preparation.png,Innovive Disposable Cages Pre Filled Water Bottle Preparation
3453,Opening-Closing-the-Cage.png,Innovive Opening Closing The Cage
3449,global-impact-earth.png,Global Impact Earth
3448,gnoto-mvx3-lid-scaled.jpg,Innovive Gnoto Mvx3 Lid
3447,gnoto-mouse-in-cage-scaled.jpg,Innovive Gnoto Mouse In Cage
3446,gnoto-vivarium-scaled.jpg,Innovive Gnoto Vivarium
3441,about-hero-cart-scaled.jpg,About Hero Cart
3423,homepage-hero-flipped.png,Homepage Hero Flipped
3384,global-impact-dome-tight.png,Global Impact Dome Tight
3383,global-impact-globe-dome.png,Global Impact Globe Dome
3382,global-impact-digital-earth.png,Global Impact Digital Earth
3381,homepage-hero-vivarium-room.png,Innovive Homepage Hero Vivarium Room
3377,Container-1.jpg,Container
3375,NKI_Animal-Room-1.jpg,NKI Animal Room
3374,Quality-Assurance.jpg,Quality Assurance
3373,Secure-Cages.jpg,Innovive Secure Cages
3372,HEPA-Filtered-Airflow.jpg,HEPA Filtered Airflow
3365,Ergonomics.jpg,Ergonomics
3364,System-Benefits-scaled.jpg,System Benefits
3345,faculty.jpg,Faculty
3341,What-We-Accept.jpg,What We Accept
3340,Processing.jpg,Processing
3339,Collection.jpg,Collection
3338,At-Your-Facility.jpg,At Your Facility
3337,Recycling.png,Recycling
3318,Innocage-IVC-Mouse-XL.png,Innocage IVC Mouse XL
3305,Innorack-IVC-Rat-1.png,Innorack IVC Rat
3304,Innorack-Tall-IVC-Rat.png,Innorack Tall IVC Rat
3303,Innorack-Tall-IVC-Rat-XL.png,Innorack Tall IVC Rat XL
3263,hiw2-comp-bedding.png,Innovive Hiw2 Comp Bedding
3262,hiw2-comp-water.png,Innovive Hiw2 Comp Water
3261,hiw2-comp-caging.png,Innovive Hiw2 Comp Caging
3260,hiw2-comp-racks.png,Innovive Hiw2 Comp Racks
3259,hiw2-scientist.png,Hiw2 Scientist
3258,hiw2-hero-racks2.png,Innovive Hiw2 Hero Racks2
3257,hiw-diagram-disposable-v2-scaled.png,Hiw Diagram Disposable V2
3256,hiw-diagram-washable-v2-scaled.png,Hiw Diagram Washable V2
3253,hiw-icon-recyclable.png,Hiw Icon Recyclable
3252,hiw-icon-irradiated.png,Hiw Icon Irradiated
3251,hiw-icon-bpafree.png,Hiw Icon Bpafree
3250,hiw-icon-bagged.png,Hiw Icon Bagged
3249,hiw-diagram-washable.png,Hiw Diagram Washable
3248,hiw-diagram-disposable.png,Hiw Diagram Disposable
3247,hiw-mice-cage.jpg,Innovive Hiw Mice Cage
3246,hiw-innorack.jpg,Hiw Innorack
3245,hiw-innocycle.jpg,Hiw Innocycle
3244,hiw-hero-cages.jpg,Innovive Hiw Hero Cages
3243,hiw-dirty-pallet.jpg,Hiw Dirty Pallet
3242,hiw-cage-change.jpg,Innovive Hiw Cage Change
3206,global-impact-night-us-blue.jpg,Global Impact Night Us Blue
3200,Aquavive-processesing.png,Innovive Aquavive Processesing
3195,global-impact-horizon-bg-v2.jpg,Global Impact Horizon Bg V2
3187,Container.jpg,Container
3186,global-impact-horizon-bg.jpg,Global Impact Horizon Bg
3183,global-impact-globe-bg.jpg,Global Impact Globe Bg
3182,Eco-Friendly-Packaging-and-Logistics.jpg,Eco Friendly Packaging And Logistics
3181,Energy-Efficient-Manufacturing.jpg,Energy Efficient Manufacturing
3180,Lightweight-Design.jpg,Lightweight Design
3179,Post-Consumer-Plastic.jpg,Post Consumer Plastic
3177,doc-lookup-hero-motif.png,Doc Lookup Hero Motif
3142,Metabolic-Cage.png,Innovive Metabolic Cage
3085,SAFE.png,SAFE
3081,Corn-Cob.png,Corn Cob
3080,Alpha-Dri-1.png,Alpha Dri
3079,ALPHA-Dri.png,ALPHA Dri
3039,Innorack-IVC-Rat.png,Innorack IVC Rat
3035,mouse-water-solution-small.jpg,Innovive Mouse Water Solution
3034,mouse-lid-small.jpg,Innovive Mouse Lid
3024,Innocart.png,Innocart
2986,aquavive-cage-bottom.jpg,Innovive Aquavive Cage Bottom
2985,Aquavive-lid.jpg,Innovive Aquavive Lid
2984,Aquavive-feeder.jpg,Innovive Aquavive Feeder
2983,aquavive-water-solution.jpg,Innovive Aquavive Water Solution
2944,inno-hero-img.jpg,Inno Hero Img
2922,water-solution.jpg,Innovive Water Solution
2921,feeder.jpg,Innovive Feeder
2920,lid-img.jpg,Innovive Lid Img
2919,cage-bottom.jpg,Innovive Cage Bottom
2879,Innovive-Color-Logo-Dark-1.png,Innovive Color Logo Dark
2872,Tall-IVC-Rat.png,Innovive Tall IVC Rat
2820,inno-services-2.png,Inno Services
2807,inno-services-1.png,Inno Services
2802,inno-hero.png,Inno Hero
2801,hero-inno.png,Hero Inno
2776,sustainablity.png,Sustainablity
2769,Home-hero.png,Home Hero
2713,Rat-Caging.png,Innovive Rat Caging
2712,Tall-Rat-Caging.png,Innovive Tall Rat Caging
2711,Tall-Rat-XL-Caging.png,Innovive Tall Rat XL Caging
2683,Mouse-Rack.png,Innovive Mouse Rack
2660,M-FEED-2.png,M FEED
2650,M-FEED-P-1.png,M FEED P
2643,M-FEED-SS-1.png,M FEED SS
2635,M-FEED-1.png,M FEED
2587,R-FEED-U.png,R FEED U
2586,R-WBP.png,R WBP
2585,R-WIRE-TD.png,R WIRE TD
2584,R-WIRE-XL.png,R WIRE XL
2579,R-WIRE-HB.png,R WIRE HB
2574,inno-cover-1.png,Inno Cover
2554,logo.png,Logo
2553,inno-cover.png,Inno Cover
2549,Dual-Filter-Lid-7.jpg,Innovive Dual Filter Lid
2548,Dual-Filter-Lid-8.jpg,Innovive Dual Filter Lid
2547,Dual-Filter-Lid-9.jpg,Innovive Dual Filter Lid
2546,Dual-Filter-Lid-10.jpg,Innovive Dual Filter Lid
2545,Dual-Filter-Lid-11.jpg,Innovive Dual Filter Lid
2544,Dual-Filter-Lid-12.jpg,Innovive Dual Filter Lid
2543,Dual-Filter-Lid.jpg,Innovive Dual Filter Lid
2542,Dual-Filter-Lid-1-1.jpg,Innovive Dual Filter Lid 1
2541,Dual-Filter-Lid-2-1.jpg,Innovive Dual Filter Lid 2
2540,Dual-Filter-Lid-3-1.jpg,Innovive Dual Filter Lid 3
2539,Dual-Filter-Lid-4-1.jpg,Innovive Dual Filter Lid 4
2538,Dual-Filter-Lid-5-1.jpg,Innovive Dual Filter Lid 5
2537,Dual-Filter-Lid-6.jpg,Innovive Dual Filter Lid
2528,Tall-Rat-XL.png,Innovive Tall Rat XL
2515,M-FEED-SS.png,M FEED SS
2514,M-FEED-P.png,M FEED P
2513,M-FEED.png,M FEED
2500,R-WB-Amber.png,R WB Amber
2499,R-WB-850A.png,R WB 850A
2498,R-WB-850P.png,R WB 850P
2494,R-WB-850C.png,R WB 850C
2480,Aquavive-Mouse-Water.png,Innovive Aquavive Mouse Water
2479,M-WB-300P.png,M WB 300P
2478,M-WB-300A.png,M WB 300A
2477,M-WB-AMBER.png,M WB AMBER
2476,M-WB-300.png,M WB
2475,M-WB-850.png,M WB
2304,RV7XL.png,RV7XL
2303,RSX8.png,RSX8
2299,RVX7.png,RVX7
2294,RSX1.png,RSX1
2293,RVX6.png,RVX6
2292,RVX5.png,RVX5
2275,RVX62.png,RVX62
2233,about-us.jpg,About Us
2200,R-LOFT-T.png,R LOFT T
2191,R-Innorichment.jpg,R Innorichment
2032,Water-Solution.png,Innovive Water Solution
2031,Feeder.png,Innovive Feeder
2030,Lid.png,Innovive Lid
2029,Cage-bottom.png,Innovive Cage Bottom
1814,Dual-Filter-Lid-5.jpg,Innovive Dual Filter Lid
1813,Dual-Filter-Lid-4.jpg,Innovive Dual Filter Lid
1812,Dual-Filter-Lid-3.jpg,Innovive Dual Filter Lid
1811,Dual-Filter-Lid-2.jpg,Innovive Dual Filter Lid
1810,Dual-Filter-Lid-1.jpg,Innovive Dual Filter Lid
1809,M-DIVIDER2.jpg,M DIVIDER2
1808,M-CLIMB.jpg,M CLIMB
1807,CRD-HLD-H.jpg,CRD HLD H
1806,CRD-HLD-H.png,CRD HLD H
1731,Image-empty-state.jpg,Image Empty State
1727,Robin-Gaffney.png,Robin Gaffney
1725,Ann-Mason.avif,Ann Mason
1723,Sarah-Anderson-Jenkins.jpg,Sarah Anderson Jenkins
1721,Emmanuel-Ferton.jpg,Emmanuel Ferton
1719,Francesca-McGuffie.jpg,Francesca McGuffie
1710,Jamie-S.-Blose.jpg,Jamie S. Blose
1519,ec8d267964ded6caf34500d9866e81a770297d95-1.png,Ec8d267964ded6caf34500d9866e81a770297d95
1497,Container-4.jpg,Container
1451,Container-3.png,Container
1450,Container-2.png,Container
1448,Container-3.jpg,Container
1447,Inno_Interaction-1-1-scaled.jpg,Inno Interaction 1
1412,Dee-Conger.jpg,Dee Conger
1389,Group-9201-1.png,Group 9201
1384,Group-9201.png,Group
1382,Container-1-1.png,Container 1
1381,Container-2.jpg,Container
1374,Vector-1-1.png,Vector 1
1373,Vector.jpg,Vector
1370,inno.png,Inno
1368,Inno_Interaction-1-scaled.jpg,Inno Interaction
1221,Container.jpg,Container
1179,f4b55ccc0fc8c06a117ee8e943bf9fcad4e8b611-1.webp,F4b55ccc0fc8c06a117ee8e943bf9fcad4e8b611
1178,d52631bb207d21de1cd4e024ba943a459ab99684-1.webp,D52631bb207d21de1cd4e024ba943a459ab99684
1173,Image.webp,Image
1163,bgremovalpng.webp,Bgremovalpng
1152,Cage-Change_Ann.webp,Innovive Cage Change Ann
1151,Holding-Mouse-scaled.webp,Innovive Holding Mouse
1024,19bc6ac70a3143bdcd75fd34f9d394a5b55fbb66-1.webp,19bc6ac70a3143bdcd75fd34f9d394a5b55fbb66
1023,Innovive-Graphic-3-1-1.webp,Innovive Graphic 3 1
1015,Elementor-post-screenshot_278_2026-05-29-19-34-52_10db0bbf.png,Elementor Post Screenshot 278 2026 05 29 19 34 52 10db0bbf
1014,Elementor-post-screenshot_254_2026-05-29-19-34-50_6d713a7f.png,Elementor Post Screenshot 254 2026 05 29 19 34 50 6d713a7f
971,Link-Social-link.webp,Link Social Link
970,Link-Social-link-1.png,Link Social Link
969,Link-Social-link-2.webp,Link Social Link
968,Innovive-Grascale-Logo-Light-1.webp,Innovive Grascale Logo Light
800,967539999e400a2c1c54ff8205bd25d62d595ee3-1.webp,967539999e400a2c1c54ff8205bd25d62d595ee3
792,Container-1.webp,Container
615,Vector.webp,Vector
540,dreamina-2026-04-23-7794-A-researcher-in-a-lab-coat-is-inspecting.-1-1.webp,Dreamina 2026 04 23 7794 A Researcher In A Lab Coat Is Inspecting. 1
533,Container.webp,Container
532,14b1c242fd9613717ba8d940c8dcdd29158967e1-1-scaled.webp,14b1c242fd9613717ba8d940c8dcdd29158967e1
509,8a9e4296d1ead6ba29ab41f9a5814909d56b9c6f-1.webp,8a9e4296d1ead6ba29ab41f9a5814909d56b9c6f
478,Inno_Interaction-1-1.webp,Inno Interaction 1
353,Background-1.webp,Background
298,Animal_Welfare-1.webp,Animal Welfare
297,Innorack_Setup_Blowers-1.webp,Innorack Setup Blowers
243,cdf878682951fd75abf934974c76a76c24d43e8c-1-scaled.webp,Cdf878682951fd75abf934974c76a76c24d43e8c
179,Cage-Change_Ann-1.webp,Innovive Cage Change Ann
149,Vector-3.webp,Vector
147,Vector-2.webp,Vector
145,Scientist-inspecting-Innovive-ventilated-cage-racks-in-a-modern-vivarium-facility.webp,Scientist Inspecting Innovive Ventilated Cage Racks In A Modern Vivarium Facility
144,Innovive-Graphic-3-1.webp,Innovive Graphic 3
139,dreamina-2026-04-23-7794-A-researcher-in-a-lab-coat-is-inspecting.-1.webp,Dreamina 2026 04 23 7794 A Researcher In A Lab Coat Is Inspecting.
138,Inno_Interaction-1.webp,Inno Interaction
26,Vector-1.webp,Vector
15,Inventory_Inno_Ann-1@2x-scaled.webp,Inventory Inno Ann 1@2x
4179,242A7111-scaled.jpg,Innovive exhibition booth at an industry trade show
4178,0G4A0271-scaled.jpg,Researcher in protective gear inspecting an Innovive disposable cage
4176,IMG_0857-scaled.jpg,Innovive team group photo
3879,2312598ae9ce052800cadea79a1e7c8d9ba25e6f.png,Digital globe illustrating Innovive's global reach
3873,image-281.png,Digital globe graphic
3677,image-26-1.png,Innovive Innorack IVC caging system in a clean vivarium
3578,9709ce_b911630ba96d4baf9a6af835e7184ff0mv2.png,World map over Innovive vivarium caging
3532,5e82a4_8854c341de3546348da347a5997455bamv2.avif,Technician handling Innovive disposable cages on a cart
3503,1e124dc8253b2dc8e9c9d5b099b78f2c71e723f6.png,Technician preparing Innovive disposable caging
3502,69e0d92fa69b0911cd2e3ea94d157c9a8c46b88b.png,Technician with an Innovive mobile IVC caging cart
3499,a2fa2aef69e310fffad1100d37a32ab23d8f3fea.png,Innovive mobile equipment cabinet
3213,image-26.jpg,Innovive delivery vehicle outside a research facility
3205,04a1fe68cfabf56a8c61e24ca61b231431b79030.png,Technician handling Innovive cages with red enrichment shelters
3204,0c1ca5d9da97b6d72cde5341cbf338e03a0ce01e.png,Water quality testing with an Innovive Aquavive bottle
3202,image-26.png,Filling Innovive Aquavive water bottles in the lab
2536,47d1a3205ebcf8bf8d5db6c06e40d4496c71f323.png,Innovive disposable IVC cage lid
2535,6f202207dfea36aec9f13d59a390a201c7b9a8d7.png,Innovive disposable cage component
2027,e0409cec9b156bdeb6d73e4a4cbef18e0a786ba4.png,Innovive Innorack IVC caging rack
1702,5fe6bae3e23e4e8bd309a1acb192139f055e4db6.jpg,Portrait of an Innovive leadership team member
1526,2273871f4c1f22baf758fe3e8633c681056c3c13.png,Innovive disposable IVC cage lid
1525,b901bfa0ebef203c3d0587cb5fe68f21a1dde6b0.png,Innovive disposable cage lid
1524,b7b6a0ac7ed15779f43fbe40d83cd45f9b198a41.png,Innovive disposable cage lid
1523,763d99886bdb63f30abca0bf213bc338e7495af0.png,Innovive disposable cage lid
1522,e5bcdc7ab6c22502d70c9f8307caf21528a2ffa2.png,Innovive disposable cage lid with pre-filled water
1521,b150b1d80fe9bc032d4df41568b168fb0ab086fd.png,Innovive disposable cage lid
1520,ec8d267964ded6caf34500d9866e81a770297d95.png,Innovive disposable cage lid
1369,image-37.jpg,Inno logo
1125,2639600b957c7736c73c25561c3dacd62818ed7c.webp,Scientist reviewing Innovive caging with a clipboard
1077,24fe4ef385c15cd57570c47d159503722b881c34-scaled.webp,Scientist handling Innovive disposable cages on a rack
1019,dd19399c5842aacaae45253e796c249ae597866b.webp,Technician handling Innovive cages with enrichment
802,50ad94d65b6701246c056451dbfe261c29e61536.webp,Innovive disposable cage bottom
801,30ac2fe7498ec82a0fb81a8a22b5ec9de78c6108.webp,Innovive disposable cage lid
799,9adc8cfbe0ef356fea698c41a7b6f64da996c15d.webp,Innovive Aquavive pre-filled water bottle
797,f6a8cc6e2980983c4b142658d328300fd2b9f970.webp,Innovive disposable cage bottom
775,7e8cce6ec3dc4f50624452e217baaed78472211f.webp,Innovive disposable cage bottom
774,d7e8601780c458a7e2fa1f0a66c8513e6c01a888.webp,Innovive disposable cage lid
773,967539999e400a2c1c54ff8205bd25d62d595ee3.webp,Innovive wire bar cage lid
772,d23e6868901a2603c110836d94521433003e08a4.webp,Innovive Aquavive pre-filled water bottle
758,5350f13ccc0d34449a23007c4bdfeba4d5f27e9d.webp,Innovive wire feeder bar
757,7be56c721443ee85cb4668280865f3e80584ba48.webp,Innovive wire bar cage lid
753,6a04d2bb56737cf926d9ebbffb298cb9c364c0d5.webp,Innovive stainless metabolic cage funnel
739,50131d346232286df46d307d6eb62b46ce62d1d7.webp,Innovive disposable cage lid with feeder
734,16cba1478713cefcac4d6fe499970d092a6a37de.webp,Innovive wire bar cage lid
730,cdf878682951fd75abf934974c76a76c24d43e8c-scaled.webp,Technician preparing an Innovive disposable cage
664,6531e57d2f1cc137930626b44a80f74ffb4d2b65.webp,Innovive disposable cage bottom
663,c648c51f5812893d8b7739dc815667e268416375.webp,Innovive disposable cage divider
662,4ff0159dd11bacfe0fb7116acf22146cdfe5a298.webp,Innovive Aquavive pre-filled water bottle
631,315d37c30ff89a0a79edae3a3b72b59cda469a55.webp,Innovive disposable cage lid
610,8e3254d13d9402f615dc12904852f41b9295ec6b.webp,Innovive Innodome mouse shelter enrichment
609,6d553f127f158d19f0b99bf00aa45c8ad77d48cd.webp,Innovive nesting material pad
608,eac8ed398a462196d865f3cdda4be18a975704eb.webp,Innovive crinkle paper bedding
607,bc7ab7fdc7c1d410e874a07c3b7618768eaac6cc.webp,Innovive plastic mesh cage component
606,ec2924bb5a6952cf6d70146421bead98070e37a1.webp,Innovive disposable cage component
570,c40f65a98fe1997384f2fa2eb5e827ad1ab75045.webp,Innovive red plastic mouse shelter
568,7a2ec820060b2f86e487db2b263580ee94b5ec11.webp,Vivarium room with rows of Innovive IVC caging racks
513,11c75c3bdf90be0a46616831f0e29e0d9bd4b8d7.webp,World map illustration
512,41ddfdf69b5a96ee660a19ec36fd5ea922498be9.webp,Innovive warehouse staff preparing shipments
511,ac4064272302ddf1f189248831cc721cd4312b56.webp,"Video title card featuring Jamie S. Blose, Innovive CEO"
510,efd2e749b3bc8ac0720907e73f2c199c9b3bd608.webp,Hand holding an Innovive disposable cage with enrichment
508,e0d16d5d6019203e60bf62c8ebfbcc31bbd324de.webp,Innovive disposable IVC cages on a rack
507,54163db5147520776e78e98840bab5a8fecc97a3.jpg,Researcher holding a white laboratory mouse
506,588e822407349731af55caa1850a9eb3b5705eb9.jpg,Technician accessing an Innovive high-density caging rack
505,5a638f3578cfa6bed8a7846b154d57df12e30c29.webp,Technician carrying Innovive disposable cages
504,8d33351c451a793159365d37ef3e7828a2fc9005.jpg,Researchers examining an Innovive disposable cage
503,2942621c0d0c561e33bcd819a08f3ccc70fd695b.webp,Innovive Innorack IVC caging system
502,ac12f665f0619ada6df992fc81ba7bc4f35916d5.jpg,Portrait of an Innovive team member
501,8a9e4296d1ead6ba29ab41f9a5814909d56b9c6f.webp,Technician handling an Innovive disposable cage on a rack
487,19bc6ac70a3143bdcd75fd34f9d394a5b55fbb66.webp,White mice in an Innovive disposable cage with enrichment
318,ba688a3293bbf138a6383333e5707c73c3c7b376.webp,Technician handling an Innovive disposable cage
317,d52631bb207d21de1cd4e024ba943a459ab99684.webp,Innovive disposable IVC cages on a rack
316,f4b55ccc0fc8c06a117ee8e943bf9fcad4e8b611.webp,Innovive Innorack IVC caging rack
315,040be4ef2f4039bce3b68ad4d47542ea4d05a27a.webp,Researcher holding a white laboratory mouse
299,image-28.webp,Innovive disposable IVC cages on a rack
285,image-27.webp,Technician handling an Innovive disposable cage
168,14b1c242fd9613717ba8d940c8dcdd29158967e1-scaled.webp,Vivarium room with rows of Innovive caging
148,Image-3.webp,Innovive disposable cages with bedding and enrichment
140,image-22-2.webp,Technician assembling an Innovive disposable cage
78,image-37.webp,Inno logo
